{
	"info": {
		"_postman_id": "ad92fa7a-4912-4b51-8935-c4ec877c8584",
		"name": "Mod6 Activ. 1",
		"schema": "https://schema.getpostman.com/json/collection/v2.0.0/collection.json",
		"_exporter_id": "39273356"
	},
	"item": [
		{
			"name": "1. Generar el Bearer Token",
			"request": {
				"auth": {
					"type": "noauth"
				},
				"method": "POST",
				"header": [],
				"body": {
					"mode": "raw",
					"raw": "{\r\n  \"username\": \"admin\",\r\n  \"password\": \"password123\"\r\n}",
					"options": {
						"raw": {
							"language": "json"
						}
					}
				},
				"url": "http://localhost:8000/api/login"
			},
			"response": []
		},
		{
			"name": "2. Probar endpoint protegido /api/users",
			"request": {
				"auth": {
					"type": "bearer",
					"bearer": {
						"token": "eyJhbGciOiJIUzI1NiIsInR5cCI6IkpXVCJ9.eyJpc3MiOiJhZG1pbiIsImlhdCI6MTc0NzYwOTg3MSwiZXhwIjoxNzQ3NjEzNDcxfQ.gdRbOrzwrmy8xYMRy4pKSv0uBJvfepM4au2izfxrLwI"
					}
				},
				"method": "GET",
				"header": [],
				"url": "http://localhost:8000/api/users"
			},
			"response": []
		},
		{
			"name": "3. Probar endpoint protegido /api/posts",
			"request": {
				"auth": {
					"type": "bearer",
					"bearer": {
						"token": "eyJhbGciOiJIUzI1NiIsInR5cCI6IkpXVCJ9.eyJpc3MiOiJhZG1pbiIsImlhdCI6MTc0NzYwOTg3MSwiZXhwIjoxNzQ3NjEzNDcxfQ.gdRbOrzwrmy8xYMRy4pKSv0uBJvfepM4au2izfxrLwI"
					}
				},
				"method": "GET",
				"header": [],
				"url": "http://localhost:8000/api/posts"
			},
			"response": []
		}
	]
}